<step title="Incoming Request" date="2026-01-08T10:31:57.052" instance="a2fa83" url="/deploy?scmType=ExternalGit&amp;isAsync=true" method="POST" type="request" pid="835,1,20" Host="tracker2602-c7afgghsdecfhuct.scm.centralindia-01.azurewebsites.net" User-Agent="Azure-WebSites-Controller/106.0.7.121" Authorization="Bas..." Expect="100-continue" Content-Length="76" x-ms-request-id="071032d4-6cef-4c1a-9e24-de2550bb8222" X-ARR-LOG-ID="071032d4-6cef-4c1a-9e24-de2550bb8222" CLIENT-IP="52.172.195.80:2946" X-SITE-DEPLOYMENT-ID="tracker2602" WAS-DEFAULT-HOSTNAME="tracker2602-c7afgghsdecfhuct.scm.centralindia-01.azurewebsites.net" X-MS-PLATFORM-INTERNAL="True" X-Forwarded-Proto="https" X-AppService-Proto="https" X-Forwarded-TlsVersion="1.3" X-WAWS-Unencoded-URL="/deploy?scmType=ExternalGit&amp;isAsync=true" X-Client-IP="52.172.195.80" X-Client-Port="2946" >
  <step title="Cleanup Xml Logs" date="2026-01-08T10:31:57.064" /><!-- duration: 50ms -->
  <step title="FetchHandler" date="2026-01-08T10:31:57.363" >
    <step title="Executing external process" date="2026-01-08T10:31:58.133" type="process" path="git" arguments="rev-parse --git-dir" /><!-- duration: 695ms -->
    <step title="Executing external process" date="2026-01-08T10:31:58.936" type="process" path="git" arguments="rev-parse --git-dir" /><!-- duration: 88ms -->
    <step title="Executing external process" date="2026-01-08T10:31:59.052" type="process" path="git" arguments="log -n 1 main --" /><!-- duration: 403ms -->
    <step title="Start deployment in the background" date="2026-01-08T10:31:59.617" >
      <step title="Executing external process" date="2026-01-08T10:31:59.882" type="process" path="git" arguments="rev-parse --git-dir" /><!-- duration: 134ms -->
      <step title="Executing external process" date="2026-01-08T10:32:00.058" type="process" path="git" arguments="rev-parse --git-dir" /><!-- duration: 49ms -->
      <step title="Executing external process" date="2026-01-08T10:32:00.154" type="process" path="git" arguments="log -n 1 main --" /><!-- duration: 385ms -->
      <step title="Acquiring Deployment Lock" date="2026-01-08T10:32:00.585" /><!-- duration: 11ms -->
      <step title="Acquired Deployment Lock" date="2026-01-08T10:32:00.997" /><!-- duration: 4ms -->
    </step><!-- duration: 2225ms -->
  </step><!-- duration: 4529ms -->
  <step title="Outgoing response" date="2026-01-08T10:32:01.951" type="response" statusCode="202" statusText="Accepted" /><!-- duration: 27ms -->
</step><!-- duration: 4935ms -->
