<step title="BackgroundTrace" date="2026-01-08T10:31:59.793" instance="a2fa83" url="/deploy" method="POST" >
  <step title="Creating temporary deployment - FetchDeploymentManager" date="2026-01-08T10:32:01.010" /><!-- duration: 4ms -->
  <step title="Creating temporary deployment" date="2026-01-08T10:32:01.022" /><!-- duration: 733ms -->
  <step title="Performing fetch based deployment" date="2026-01-08T10:32:03.391" >
    <step title="Deployment timer started" date="2026-01-08T10:32:34.778" >
      <step title="DeploymentManager.Deploy(id:604fcd55ab028d9f1c62b7a7a11c65fe2476f2b7)" date="2026-01-08T10:32:34.827" >
        <step title="Collecting changeset information" date="2026-01-08T10:32:34.931" /><!-- duration: 638ms -->
        <step title="Updating submodules" date="2026-01-08T10:32:36.356" /><!-- duration: 2108ms -->
        <step title="Determining deployment builder" date="2026-01-08T10:32:39.375" >
          <step title="Builder is BasicBuilder" date="2026-01-08T10:32:39.507" /><!-- duration: 87ms -->
        </step><!-- duration: 237ms -->
        <step title="PreDeployment: context.CleanOutputPath False" date="2026-01-08T10:32:39.778" >
          <step title="PreDeployment: context.OutputPath /home/site/wwwroot" date="2026-01-08T10:32:40.089" >
            <step title="Building" date="2026-01-08T10:32:40.514" >
              <step title="Executing external process" date="2026-01-08T10:32:41.273" type="process" path="starter.sh" arguments="/opt/Kudu/Scripts/parallel_rsync.sh /home/site/repository /home/site/wwwroot 8 /tmp/ False True  " /><!-- duration: 17698ms -->
              <step title="Triggering recycle (preview mode disabled)." date="2026-01-08T10:32:59.558" /><!-- duration: 4ms -->
              <step title="Modified file to trigger a restart of the app container." date="2026-01-08T10:32:59.619" /><!-- duration: 5ms -->
              <step title="Skip function trigger and logicapp sync because function is not enabled." date="2026-01-08T10:32:59.647" /><!-- duration: 19ms -->
              <step title="Purge deployment items" date="2026-01-08T10:33:00.548" >
                <step title="Remove temp-331a, Failed, received at 01/08/2026 08:34:27" date="2026-01-08T10:33:00.723" /><!-- duration: 15ms -->
              </step><!-- duration: 197ms -->
            </step><!-- duration: 20295ms -->
          </step><!-- duration: 20727ms -->
          <step title="Cleaning up temp files" date="2026-01-08T10:33:00.820" /><!-- duration: 13ms -->
          <step title="Cleaning up temp files" date="2026-01-08T10:33:00.837" /><!-- duration: 520ms -->
          <step title="Reloading status file with latest updates" date="2026-01-08T10:33:01.458" >
            <step title="WebHooksManager.PublishEventAsync: PostDeployment" date="2026-01-08T10:33:01.495" /><!-- duration: 288ms -->
          </step><!-- duration: 334ms -->
          <step title="Cleaning up temporary deployment - fetch deployment was successful" date="2026-01-08T10:33:01.804" /><!-- duration: 4ms -->
        </step><!-- duration: 22110ms -->
      </step><!-- duration: 27083ms -->
