<step title="BackgroundTrace" date="2026-01-08T08:34:26.540" instance="a2fa83" url="/deploy" method="POST" >
  <step title="Cleanup Xml Logs" date="2026-01-08T08:34:26.562" /><!-- duration: 25ms -->
  <step title="Creating temporary deployment - FetchDeploymentManager" date="2026-01-08T08:34:27.584" /><!-- duration: 97ms -->
  <step title="Creating temporary deployment" date="2026-01-08T08:34:27.824" /><!-- duration: 331ms -->
  <step title="Performing fetch based deployment" date="2026-01-08T08:34:29.156" >
    <step title="Deployment timer started" date="2026-01-08T08:34:53.796" >
      <step title="DeploymentManager.Deploy(id:604fcd55ab028d9f1c62b7a7a11c65fe2476f2b7)" date="2026-01-08T08:34:53.816" >
        <step title="Collecting changeset information" date="2026-01-08T08:34:53.904" /><!-- duration: 271ms -->
        <step title="Updating submodules" date="2026-01-08T08:34:54.195" /><!-- duration: 1344ms -->
        <step title="Determining deployment builder" date="2026-01-08T08:34:56.672" >
          <step title="Builder is BasicBuilder" date="2026-01-08T08:34:56.864" /><!-- duration: 78ms -->
        </step><!-- duration: 318ms -->
        <step title="PreDeployment: context.CleanOutputPath False" date="2026-01-08T08:34:57.303" 