<step title="Incoming Request" date="2026-01-08T08:34:13.016" instance="a2fa83" url="/deploy?scmType=ExternalGit&amp;isAsync=true" method="POST" type="request" pid="843,1,30" Host="tracker2602-c7afgghsdecfhuct.scm.centralindia-01.azurewebsites.net" User-Agent="Azure-WebSites-Controller/106.0.7.121" Authorization="Bas..." Expect="100-continue" Content-Length="76" x-ms-request-id="bcfcbe16-1372-40f4-936c-a5f9ddbafd71" X-ARR-LOG-ID="bcfcbe16-1372-40f4-936c-a5f9ddbafd71" CLIENT-IP="52.172.195.80:2944" X-SITE-DEPLOYMENT-ID="tracker2602" WAS-DEFAULT-HOSTNAME="tracker2602-c7afgghsdecfhuct.scm.centralindia-01.azurewebsites.net" X-MS-PLATFORM-INTERNAL="True" X-Forwarded-Proto="https" X-AppService-Proto="https" X-Forwarded-TlsVersion="1.3" X-WAWS-Unencoded-URL="/deploy?scmType=ExternalGit&amp;isAsync=true" X-Client-IP="52.172.195.80" X-Client-Port="2944" >
  <step title="Cleanup Xml Logs" date="2026-01-08T08:34:13.105" /><!-- duration: 184ms -->
  <step title="FetchHandler" date="2026-01-08T08:34:15.040" >
    <step title="GitExeRepository.Initialize" date="2026-01-08T08:34:16.493" >
      <step title="Executing external process" date="2026-01-08T08:34:16.592" type="process" path="git" arguments="init" /><!-- duration: 6124ms -->
      <step title="Executing external process" date="2026-01-08T08:34:22.791" type="process" path="git" arguments="config core.autocrlf false" /><!-- duration: 417ms -->
      <step title="Executing external process" date="2026-01-08T08:34:23.266" type="process" path="git" arguments="config core.preloadindex true" /><!-- duration: 105ms -->
      <step title="Executing external process" date="2026-01-08T08:34:23.412" type="process" path="git" arguments="config user.name &quot;unknown&quot;" /><!-- duration: 268ms -->
      <step title="Executing external process" date="2026-01-08T08:34:23.735" type="process" path="git" arguments="config user.email &quot;unknown&quot;" /><!-- duration: 127ms -->
      <step title="Executing external process" date="2026-01-08T08:34:23.880" type="process" path="git" arguments="config filter.lfs.clean &quot;git-lfs clean %f&quot;" /><!-- duration: 126ms -->
      <step title="Executing external process" date="2026-01-08T08:34:24.044" type="process" path="git" arguments="config filter.lfs.smudge &quot;git-lfs smudge %f&quot;" /><!-- duration: 228ms -->
      <step title="Executing external process" date="2026-01-08T08:34:24.299" type="process" path="git" arguments="config filter.lfs.required true" /><!-- duration: 134ms -->
      <step title="Configure git server" date="2026-01-08T08:34:24.474" >
        <step title="Executing external process" date="2026-01-08T08:34:24.519" type="process" path="git" arguments="config receive.denyCurrentBranch ignore" /><!-- duration: 347ms -->
      </step><!-- duration: 431ms -->
      <step title="Create deny users for .git folder" date="2026-01-08T08:34:24.963" /><!-- duration: 53ms -->
      <step title="Configure git-credential" date="2026-01-08T08:34:25.027" >
        <step title="Executing external process" date="2026-01-08T08:34:25.070" type="process" path="git" arguments="config credential.helper &quot;!&apos;/home/site/repository/.git/hooks/git-credential-invalid.sh&apos;&quot;" /><!-- duration: 238ms -->
      </step><!-- duration: 330ms -->
      <step title="Setup post receive hook" date="2026-01-08T08:34:25.378" >
        <step title="Non-Windows enviroment, granting 755 permission to post-receive hook file" date="2026-01-08T08:34:25.443" /><!-- duration: 506ms -->
      </step><!-- duration: 592ms -->
    </step><!-- duration: 9487ms -->
    <step title="Executing external process" date="2026-01-08T08:34:25.991" type="process" path="git" arguments="log -n 1 main --" >
      <step title="Process dump" date="2026-01-08T08:34:26.455" exitCode="128" type="processOutput" /><!-- duration: 18ms -->
    </step><!-- duration: 491ms -->
    <step title="Start deployment in the background" date="2026-01-08T08:34:26.501" >
      <step title="Executing external process" date="2026-01-08T08:34:26.680" type="process" path="git" arguments="rev-parse --git-dir" /><!-- duration: 185ms -->
      <step title="Executing external process" date="2026-01-08T08:34:26.932" type="process" path="git" arguments="rev-parse --git-dir" /><!-- duration: 118ms -->
      <step title="Executing external process" date="2026-01-08T08:34:27.095" type="process" path="git" arguments="log -n 1 main --" >
        <step title="Process dump" date="2026-01-08T08:34:27.289" exitCode="128" type="processOutput" /><!-- duration: 11ms -->
      </step><!-- duration: 242ms -->
      <step title="Acquiring Deployment Lock" date="2026-01-08T08:34:27.357" /><!-- duration: 29ms -->
      <step title="Acquired Deployment Lock" date="2026-01-08T08:34:27.512" /><!-- duration: 51ms -->
    </step><!-- duration: 1713ms -->
  </step><!-- duration: 13233ms -->
  <step title="Outgoing response" date="2026-01-08T08:34:28.298" type="response" statusCode="202" statusText="Accepted" /><!-- duration: 13ms -->
</step><!-- duration: 15342ms -->
