﻿<?xml version="1.0" encoding="utf-8"?>
<deployment>
  <id>604fcd55ab028d9f1c62b7a7a11c65fe2476f2b7</id>
  <author>Your Name</author>
  <deployer>GitHub</deployer>
  <authorEmail>you@example.com</authorEmail>
  <message>first commit</message>
  <progress></progress>
  <status>Success</status>
  <statusText></statusText>
  <lastSuccessEndTime>2026-01-08T10:33:00.0916452Z</lastSuccessEndTime>
  <receivedTime>2026-01-08T08:34:54.052509Z</receivedTime>
  <startTime>2026-01-08T10:32:39.0923431Z</startTime>
  <endTime>2026-01-08T10:33:00.0916452Z</endTime>
  <complete>True</complete>
  <is_temp>False</is_temp>
  <is_readonly>False</is_readonly>
  <buildSummary />
</deployment>